ano,flag_publico_privado,variavel,categoria,media_remuneracao,fator_correcao,media_remuneracao_ajustada
2003,Privado,nivel_governo,Outros,784.6771745902753,2.904271994,2278.915942493585
2003,Privado,poderes,Outros,784.6771745902752,2.904271994,2278.9159424935847
2003,Privado,genero,Feminino,662.3962525855459,2.904271994,1923.778885314751
2003,Privado,genero,Masculino,849.6087042839288,2.904271994,2467.494765710442
2003,Privado,grau_instrucao,Analfabeto,544.6625240176481,2.904271994,1581.848114685808
2003,Privado,grau_instrucao,Até Ensino Médio,773.8691730055959,2.904271994,2247.526566180093
2003,Privado,grau_instrucao,Até Ensino Superior Completo,2462.41387139139,2.904271994,7151.519644319132
2003,Público,genero,Feminino,1066.4532340440137,2.904271994,3097.2702605447566
2003,Público,genero,Masculino,1590.8144505405016,2.904271994,4620.1578563552775
2003,Público,poderes,Outros,2070.0125902108784,2.904271994,6011.879592976853
2003,Público,poderes,Executivo,946.7836690517521,2.904271994,2749.7172944035683
2003,Público,poderes,Judiciário,4283.780433848441,2.904271994,12441.263542471197
2003,Público,poderes,Legislativo,2792.4130852659355,2.904271994,8109.927119216991
2003,Público,nivel_governo,Outros,2287.549966711777,2.904271994,6643.667303196647
2003,Público,nivel_governo,Federal,3194.8923792191927,2.904271994,9278.83646081033
2003,Público,nivel_governo,Estadual,1371.7770312171729,2.904271994,3984.013613776499
2003,Público,nivel_governo,Municipal,752.342074036174,2.904271994,2185.006015531135
2003,Público,grau_instrucao,Analfabeto,640.6810826825974,2.904271994,1860.7121255206662
2003,Público,grau_instrucao,Até Ensino Médio,1011.4008994756929,2.904271994,2937.3833070536643
2003,Público,grau_instrucao,Até Ensino Superior Completo,2209.662948768931,2.904271994,6417.4622182890635
2015,Privado,nivel_governo,Outros,2014.7872510019781,1.441140541,2903.5915889088938
2015,Privado,poderes,Outros,2014.7872510019783,1.441140541,2903.5915889088938
2015,Privado,genero,Feminino,1728.0960091639522,1.441140541,2490.429217546479
2015,Privado,genero,Masculino,2205.871131018785,1.441140541,3178.970315132694
2015,Privado,grau_instrucao,Até Mestrado,6032.5105195758215,1.441140541,8693.69547376969
2015,Privado,grau_instrucao,Até Doutorado,7732.84000371789,1.441140541,11144.109226424442
2015,Privado,grau_instrucao,Até Fundamental,1427.7281658379682,1.441140541,2057.5569413166672
2015,Privado,grau_instrucao,Até Ensino Médio,1686.197562054382,1.441140541,2430.047666811933
2015,Privado,grau_instrucao,Até Ensino Superior Completo,4825.633764913174,1.441140541,6954.416454634838
2015,Público,genero,Feminino,3358.8098855897756,1.441140541,4840.5170956349975
2015,Público,genero,Masculino,4743.079445689738,1.441140541,6835.44407836729
2015,Público,poderes,Outros,6228.272044218051,1.441140541,8975.815343299577
2015,Público,poderes,Executivo,3010.7366084303994,1.441140541,4338.894584681891
2015,Público,poderes,Judiciário,10908.257482660605,1.441140541,15720.332089928803
2015,Público,poderes,Legislativo,5908.878551610883,1.441140541,8515.524432571805
2015,Público,nivel_governo,Outros,6574.669190065644,1.441140541,9475.022313467234
2015,Público,nivel_governo,Federal,9019.406316658358,1.441140541,12998.232098687844
2015,Público,nivel_governo,Estadual,4618.333741189262,1.441140541,6655.667986296046
2015,Público,nivel_governo,Municipal,2377.842170025578,1.441140541,3426.8047513232755
2015,Público,grau_instrucao,Até Mestrado,7281.011892028474,1.441140541,10492.961417105349
2015,Público,grau_instrucao,Até Doutorado,11700.980134974354,1.441140541,16862.756841947194
2015,Público,grau_instrucao,Até Fundamental,1853.7150959303779,1.441140541,2671.4639762089714
2015,Público,grau_instrucao,Até Ensino Médio,2603.995021040953,1.441140541,3752.722793384265
2015,Público,grau_instrucao,Até Ensino Superior Completo,5483.889228582864,1.441140541,7903.055089663982
2010,Privado,nivel_governo,Outros,1312.8373638014548,2.02607303,2659.904375574426
2010,Privado,poderes,Outros,1312.837363801455,2.02607303,2659.9043755744265
2010,Privado,genero,Feminino,1104.7084523686729,2.02607303,2238.220001357208
2010,Privado,genero,Masculino,1435.6322773161342,2.02607303,2908.6958380677
2010,Privado,grau_instrucao,Até Mestrado,4239.3896308600015,2.02607303,8589.312994747104
2010,Privado,grau_instrucao,Até Doutorado,5946.974909174385,2.02607303,12049.005473564921
2010,Privado,grau_instrucao,Até Fundamental,928.6175418263291,2.02607303,1881.4469566792225
2010,Privado,grau_instrucao,Até Ensino Médio,1163.1225658563546,2.02607303,2356.571261265959
2010,Privado,grau_instrucao,Até Ensino Superior Completo,3563.9373981507324,2.02607303,7220.797443001571
2010,Público,genero,Feminino,2080.2261930194027,2.02607303,4214.6901859761865
2010,Público,genero,Masculino,3016.8620480383947,2.02607303,6112.382830761157
2010,Público,poderes,Outros,4177.754964566256,2.02607303,8464.436659656296
2010,Público,poderes,Executivo,1871.8825853474668,2.02607303,3792.570821499176
2010,Público,poderes,Judiciário,7666.593629482891,2.02607303,15533.078584665098
2010,Público,poderes,Legislativo,4401.353838808891,2.02607303,8917.464308297662
2010,Público,nivel_governo,Outros,4270.9606347480885,2.02607303,8653.278154254784
2010,Público,nivel_governo,Federal,6653.289511378483,2.02607303,13480.050439785824
2010,Público,nivel_governo,Estadual,2689.0148360108083,2.02607303,5448.140436511371
2010,Público,nivel_governo,Municipal,1416.012425042062,2.02607303,2868.9445845226182
2010,Público,grau_instrucao,Até Mestrado,4197.550766402248,2.02607303,8504.544399863425
2010,Público,grau_instrucao,Até Doutorado,8860.222815277912,2.02607303,17951.45848582525
2010,Público,grau_instrucao,Até Fundamental,1225.893197037836,2.02607303,2483.7491441788356
2010,Público,grau_instrucao,Até Ensino Médio,1785.722838244512,2.02607303,3618.004881622259
2010,Público,grau_instrucao,Até Ensino Superior Completo,3797.5735052831155,2.02607303,7694.161258496683
2005,Privado,nivel_governo,Outros,913.8476368770725,2.553824904,2333.8068535182165
2005,Privado,poderes,Outros,913.8476368770727,2.553824904,2333.806853518217
2005,Privado,genero,Feminino,769.6141841230389,2.553824904,1965.459869885058
2005,Privado,genero,Masculino,992.2809009605138,2.553824904,2534.1116766365176
2005,Privado,grau_instrucao,Analfabeto,636.4574740516211,2.553824904,1625.4009475699638
2005,Privado,grau_instrucao,Até Ensino Médio,870.7851126024309,2.553824904,2223.8327065965323
2005,Privado,grau_instrucao,Até Ensino Superior Completo,2823.72700180808,2.553824904,7211.304339314727
2005,Público,genero,Feminino,1282.466421271166,2.553824904,3275.194685186059
2005,Público,genero,Masculino,1897.9999942770664,2.553824904,4847.159653176629
2005,Público,poderes,Outros,2551.54413931857,2.553824904,6516.1969666470095
2005,Público,poderes,Executivo,1133.8201070890289,2.553824904,2895.5780261399086
2005,Público,poderes,Judiciário,5168.329416161693,2.553824904,13199.008375069512
2005,Público,poderes,Legislativo,3190.767069718767,2.553824904,8148.66040551089
2005,Público,nivel_governo,Outros,2817.4586741360895,2.553824904,7195.296127999565
2005,Público,nivel_governo,Federal,3825.1979291021457,2.553824904,9768.885734070285
2005,Público,nivel_governo,Estadual,1642.4004271346387,2.553824904,4194.403113156677
2005,Público,nivel_governo,Municipal,902.3266926170814,2.553824904,2304.3843791494555
2005,Público,grau_instrucao,Analfabeto,763.3208642302995,2.553824904,1949.3878328141416
2005,Público,grau_instrucao,Até Ensino Médio,1197.483826523402,2.553824904,3058.1640183126797
2005,Público,grau_instrucao,Até Ensino Superior Completo,2513.7341267053102,2.553824904,6419.636814814712
2021,Privado,nivel_governo,Outros,2555.798368958137,1.0579,2703.779094520813
2021,Privado,poderes,Outros,2555.7983689581365,1.0579,2703.7790945208126
2021,Privado,genero,Feminino,2265.2398365698605,1.0579,2396.3972231072557
2021,Privado,genero,Masculino,2753.990529053935,1.0579,2913.446580686158
2021,Privado,grau_instrucao,Até Mestrado,7570.376354159187,1.0579,8008.701145065004
2021,Privado,grau_instrucao,Até Doutorado,8716.17949189288,1.0579,9220.846284473479
2021,Privado,grau_instrucao,Até Fundamental,1786.9159735761284,1.0579,1890.3784084461863
2021,Privado,grau_instrucao,Até Ensino Médio,2065.832710364326,1.0579,2185.4444242944205
2021,Privado,grau_instrucao,Até Ensino Superior Completo,5586.401470040805,1.0579,5909.8541151561685
2021,Público,genero,Feminino,4358.586849935264,1.0579,4610.949028546515
2021,Público,genero,Masculino,5867.962863453419,1.0579,6207.717913247373
2021,Público,poderes,Outros,6410.40556287134,1.0579,6781.568044961591
2021,Público,poderes,Executivo,3986.1035339233576,1.0579,4216.89892853752
2021,Público,poderes,Judiciário,13918.371888384301,1.0579,14724.245620721753
2021,Público,poderes,Legislativo,6491.382155965245,1.0579,6867.233182795633
2021,Público,nivel_governo,Outros,8392.25770325516,1.0579,8878.169424273634
2021,Público,nivel_governo,Federal,12013.636856882878,1.0579,12709.226430896399
2021,Público,nivel_governo,Estadual,5896.0461140021835,1.0579,6237.4271840029105
2021,Público,nivel_governo,Municipal,3275.656781166353,1.0579,3465.3173087958853
2021,Público,grau_instrucao,Até Mestrado,8519.270155716347,1.0579,9012.535897732325
2021,Público,grau_instrucao,Até Doutorado,12202.513888667743,1.0579,12909.039442821606
2021,Público,grau_instrucao,Até Fundamental,2348.324319854334,1.0579,2484.2922979739
2021,Público,grau_instrucao,Até Ensino Médio,3094.496974308508,1.0579,3273.668349120971
2021,Público,grau_instrucao,Até Ensino Superior Completo,6537.5522099986365,1.0579,6916.076482957558
2016,Privado,genero,Feminino,1871.504712997812,1.355857127,2537.493003332173
2016,Privado,genero,Masculino,2358.361354460111,1.355857127,3197.6010504861147
2016,Privado,grau_instrucao,Até Mestrado,6481.613430013542,1.355857127,8788.141763542775
2016,Privado,grau_instrucao,Até Doutorado,8426.306543129227,1.355857127,11424.867780788494
2016,Privado,grau_instrucao,Até Fundamental,1543.2978933533682,1.355857127,2092.4914477872503
2016,Privado,grau_instrucao,Até Ensino Médio,1800.1590264285953,1.355857127,2440.758445716592
2016,Privado,grau_instrucao,Até Ensino Superior Completo,4878.407984631902,1.355857127,6614.42423437687
2016,Privado,nivel_governo,Outros,2161.8582566289388,1.355857127,2931.1709248141415
2016,Privado,poderes,Outros,2161.8582566289388,1.355857127,2931.1709248141415
2016,Público,genero,Feminino,3648.047669081517,1.355857127,4946.231431759912
2016,Público,genero,Masculino,5145.2683363427,1.355857127,6976.248744157683
2016,Público,poderes,Outros,6589.952686414046,1.355857127,8935.03431646728
2016,Público,poderes,Executivo,3252.946307534987,1.355857127,4410.530434819646
2016,Público,poderes,Judiciário,11438.431549832369,1.355857127,15508.878938541871
2016,Público,poderes,Legislativo,6825.520055253803,1.355857127,9254.430012397303
2016,Público,nivel_governo,Outros,7073.843385384548,1.355857127,9591.120969355447
2016,Público,nivel_governo,Federal,9423.94806193733,1.355857127,12777.527144255566
2016,Público,nivel_governo,Estadual,4871.709547541685,1.355857127,6605.3421107083395
2016,Público,nivel_governo,Municipal,2622.759114119274,1.355857127,3556.0866372828236
2016,Público,grau_instrucao,Até Mestrado,7502.067071557279,1.355857127,10171.731106202955
2016,Público,grau_instrucao,Até Doutorado,11987.696596190908,1.355857127,16253.603866259084
2016,Público,grau_instrucao,Até Fundamental,2034.5227679168515,1.355857127,2758.52219492383
2016,Público,grau_instrucao,Até Ensino Médio,2782.793045059395,1.355857127,3773.0697831098128
2016,Público,grau_instrucao,Até Ensino Superior Completo,5826.384563818,1.355857127,7899.745035495422
2009,Privado,genero,Feminino,1016.4949148994697,2.145813947,2181.2089654458605
2009,Privado,genero,Masculino,1312.410176892547,2.145813947,2816.188061760765
2009,Privado,grau_instrucao,Até Mestrado,4021.451424714999,2.145813947,8629.286554336466
2009,Privado,grau_instrucao,Até Doutorado,5698.619272335415,2.145813947,12228.176713220326
2009,Privado,grau_instrucao,Até Fundamental,848.210989774739,2.145813947,1820.1029718573095
2009,Privado,grau_instrucao,Até Ensino Médio,1077.8417642240506,2.145813947,2312.847890331054
2009,Privado,grau_instrucao,Até Ensino Superior Completo,3357.9574213378355,2.145813947,7205.551868138883
2009,Privado,nivel_governo,Outros,1203.932600683183,2.145813947,2583.415365793956
2009,Privado,poderes,Outros,1203.932600683183,2.145813947,2583.415365793956
2009,Público,genero,Feminino,1887.6284799414848,2.145813947,4050.499519012848
2009,Público,genero,Masculino,2726.7468349302053,2.145813947,5851.0913883313415
2009,Público,poderes,Outros,3755.2653730809993,2.145813947,8058.100812243368
2009,Público,poderes,Executivo,1699.3505136631354,2.145813947,3646.4900330599703
2009,Público,poderes,Judiciário,7403.939524090408,2.145813947,15887.476693537741
2009,Público,poderes,Legislativo,3816.227614494108,2.145813947,8188.914440107997
2009,Público,nivel_governo,Outros,3918.3560979361832,2.145813947,8408.06316426396
2009,Público,nivel_governo,Federal,6047.9458660072705,2.145813947,12977.766589979396
2009,Público,nivel_governo,Estadual,2411.0075423793637,2.145813947,5173.573610759832
2009,Público,nivel_governo,Municipal,1310.9578424359686,2.145813947,2813.07162222813
2009,Público,grau_instrucao,Até Mestrado,4356.119344641478,2.145813947,9347.421644528184
2009,Público,grau_instrucao,Até Doutorado,7850.833598168867,2.145813947,16846.428230526948
2009,Público,grau_instrucao,Até Fundamental,1117.98414368302,2.145813947,2398.9859680398763
2009,Público,grau_instrucao,Até Ensino Médio,1644.1604520846977,2.145813947,3528.06242918917
2009,Público,grau_instrucao,Até Ensino Superior Completo,3464.451507058231,2.145813947,7434.068362550722
2018,Privado,genero,Feminino,2054.5983995512556,1.269402859,2608.113082487188
2018,Privado,genero,Masculino,2535.0785832453,1.269402859,3218.036001361253
2018,Privado,grau_instrucao,Até Mestrado,6811.190382041569,1.269402859,8646.14454415687
2018,Privado,grau_instrucao,Até Doutorado,8789.855406392091,1.269402859,11157.867583070727
2018,Privado,grau_instrucao,Até Fundamental,1669.2103513529153,1.269402859,2118.900392279785
2018,Privado,grau_instrucao,Até Ensino Médio,1922.2980926974633,1.269402859,2440.170694720407
2018,Privado,grau_instrucao,Até Ensino Superior Completo,5040.278299037349,1.269402859,6398.143682953667
2018,Privado,nivel_governo,Outros,2340.963919478817,1.269402859,2971.626292202256
2018,Privado,poderes,Outros,2340.963919478817,1.269402859,2971.626292202256
2018,Público,genero,Feminino,3954.3301130580703,1.269402859,5019.637950945707
2018,Público,genero,Masculino,5482.346842960886,1.269402859,6959.306756484172
2018,Público,poderes,Outros,7180.83553379764,1.269402859,9115.373156611515
2018,Público,poderes,Executivo,3516.6421305580584,1.269402859,4464.0355746102505
2018,Público,poderes,Judiciário,12719.942132832924,1.269402859,16146.73090973267
2018,Público,poderes,Legislativo,6311.573080901131,1.269402859,8011.928913683334
2018,Público,nivel_governo,Outros,7642.08288427537,1.269402859,9700.881862014121
2018,Público,nivel_governo,Federal,10707.434502136814,1.269402859,13592.047969567711
2018,Público,nivel_governo,Estadual,5426.191170976592,1.269402859,6888.022585918243
2018,Público,nivel_governo,Municipal,2871.0490860216787,1.269402859,3644.5179181252556
2018,Público,grau_instrucao,Até Mestrado,7772.566526050486,1.269402859,9866.518169936184
2018,Público,grau_instrucao,Até Doutorado,12477.051265121747,1.269402859,15838.40454783511
2018,Público,grau_instrucao,Até Fundamental,2098.9480215009794,1.269402859,2664.4106193857365
2018,Público,grau_instrucao,Até Ensino Médio,2897.3153841926314,1.269402859,3677.8604321188095
2018,Público,grau_instrucao,Até Ensino Superior Completo,6169.130517724032,1.269402859,7831.111916743036
2006,Privado,genero,Feminino,821.379105221594,2.476076114,2033.7971829778817
2006,Privado,genero,Masculino,1057.0652373765743,2.476076114,2617.3739852078756
2006,Privado,grau_instrucao,Até Mestrado,3466.2564771293955,2.476076114,8582.714868017883
2006,Privado,grau_instrucao,Até Doutorado,5326.75399595796,2.476076114,13189.448334545557
2006,Privado,grau_instrucao,Até Fundamental,682.2961200541434,2.476076114,1689.417125540941
2006,Privado,grau_instrucao,Até Ensino Médio,909.2077073319689,2.476076114,2251.2674867893907
2006,Privado,grau_instrucao,Até Ensino Superior Completo,2929.4857939834937,2.476076114,7253.629800784854
2006,Privado,nivel_governo,Outros,973.4717841536117,2.476076114,2410.390232395722
2006,Privado,poderes,Outros,973.4717841536117,2.476076114,2410.390232395722
2006,Público,genero,Feminino,1442.4570503621267,2.476076114,3571.633447872557
2006,Público,genero,Masculino,2130.68979541284,2.476076114,5275.75010876528
2006,Público,poderes,Outros,2800.2846866164086,2.476076114,6933.718024930865
2006,Público,poderes,Executivo,1289.2818858604676,2.476076114,3192.3600817919782
2006,Público,poderes,Judiciário,5772.886427872801,2.476076114,14294.106192890626
2006,Público,poderes,Legislativo,3509.0062339750134,2.476076114,8688.566519822627
2006,Público,nivel_governo,Outros,3025.496510864581,2.476076114,7491.3596435421305
2006,Público,nivel_governo,Federal,4418.931331076938,2.476076114,10941.610318285831
2006,Público,nivel_governo,Estadual,1872.5507806437768,2.476076114,4636.578260204109
2006,Público,nivel_governo,Municipal,999.4996228452221,2.476076114,2474.837142079063
2006,Público,grau_instrucao,Até Mestrado,3124.8633434991475,2.476076114,7737.399484352416
2006,Público,grau_instrucao,Até Doutorado,6976.442085906046,2.476076114,17274.201609616295
2006,Público,grau_instrucao,Até Fundamental,860.7995666764746,2.476076114,2131.405245989169
2006,Público,grau_instrucao,Até Ensino Médio,1356.668810233651,2.476076114,3359.215235628342
2006,Público,grau_instrucao,Até Ensino Superior Completo,2799.2325857916567,2.476076114,6931.112943209177
2013,Privado,genero,Feminino,1453.1709101429706,1.697143982,2466.2402649666055
2013,Privado,genero,Masculino,1902.4111832944395,1.697143982,3228.665691017657
2013,Privado,grau_instrucao,Até Mestrado,5138.059906381214,1.697143982,8720.027449270361
2013,Privado,grau_instrucao,Até Doutorado,6763.9542421684455,1.697143982,11479.404236619548
2013,Privado,grau_instrucao,Até Fundamental,1236.0069387233807,1.697143982,2097.6817377646285
2013,Privado,grau_instrucao,Até Ensino Médio,1484.478008703399,1.697143982,2519.372918882317
2013,Privado,grau_instrucao,Até Ensino Superior Completo,4295.187162933176,1.697143982,7289.551045135694
2013,Privado,nivel_governo,Outros,1726.972963003525,1.697143982,2930.921771238141
2013,Privado,poderes,Outros,1726.972963003525,1.697143982,2930.921771238141
2013,Público,genero,Feminino,2810.302438769709,1.697143982,4769.487871557935
2013,Público,genero,Masculino,3992.781004084193,1.697143982,6776.324252525405
2013,Público,poderes,Outros,5385.206198606516,1.697143982,9139.470291794147
2013,Público,poderes,Executivo,2532.6582635318355,1.697143982,4298.285730415625
2013,Público,poderes,Judiciário,9242.687300221158,1.697143982,15686.171129078166
2013,Público,poderes,Legislativo,4763.946362433383,1.697143982,8085.102899574607
2013,Público,nivel_governo,Outros,5625.107839592808,1.697143982,9546.617918065956
2013,Público,nivel_governo,Federal,7788.503212783749,1.697143982,13218.211356363607
2013,Público,nivel_governo,Estadual,3827.770014936019,1.697143982,6496.276845328714
2013,Público,nivel_governo,Municipal,1987.3841043385341,1.697143982,3372.8769726006035
2013,Público,grau_instrucao,Até Mestrado,6277.458680541841,1.697143982,10653.751221935247
2013,Público,grau_instrucao,Até Doutorado,10738.702375031793,1.697143982,18225.124110274315
2013,Público,grau_instrucao,Até Fundamental,1585.36237715525,1.697143982,2690.588217678247
2013,Público,grau_instrucao,Até Ensino Médio,2239.1521989841904,1.697143982,3800.1636792880854
2013,Público,grau_instrucao,Até Ensino Superior Completo,4748.715775901265,1.697143982,8059.254401299293
2012,Privado,genero,Feminino,1330.9458791301201,1.797445192,2392.3022712546476
2012,Privado,genero,Masculino,1742.756641075981,1.797445192,3132.509545328092
2012,Privado,grau_instrucao,Até Mestrado,4873.409450163756,1.797445192,8759.686384844208
2012,Privado,grau_instrucao,Até Doutorado,6623.891462915033,1.797445192,11906.081862346473
2012,Privado,grau_instrucao,Até Fundamental,1127.1099099214114,1.797445192,2025.9182884437942
2012,Privado,grau_instrucao,Até Ensino Médio,1373.5696023728988,1.797445192,2468.916077662519
2012,Privado,grau_instrucao,Até Ensino Superior Completo,4100.730990752815,1.797445192,7370.839203014044
2012,Privado,nivel_governo,Outros,1584.6324847470198,1.797445192,2848.2900407955444
2012,Privado,poderes,Outros,1584.6324847470198,1.797445192,2848.2900407955444
2012,Público,genero,Feminino,2573.5187120958212,1.797445192,4625.758835578667
2012,Público,genero,Masculino,3712.0152570239925,1.797445192,6672.14397636842
2012,Público,poderes,Outros,4699.1108886519205,1.797445192,8446.394273482243
2012,Público,poderes,Executivo,2294.275689514708,1.797445192,4123.834807240697
2012,Público,poderes,Judiciário,8570.682019306487,1.797445192,15405.331187763297
2012,Público,poderes,Legislativo,5441.710001267571,1.797445192,9781.17547803671
2012,Público,nivel_governo,Outros,4779.750118117585,1.797445192,8591.338868771885
2012,Público,nivel_governo,Federal,7302.251697150546,1.797445192,13125.397203817089
2012,Público,nivel_governo,Estadual,3369.293615026262,1.797445192,6056.1206087652545
2012,Público,nivel_governo,Municipal,1828.9657839378929,1.797445192,3287.4657546716767
2012,Público,grau_instrucao,Até Mestrado,5816.0835055425205,1.797445192,10454.09133330791
2012,Público,grau_instrucao,Até Doutorado,10377.552734872283,1.797445192,18653.082268022637
2012,Público,grau_instrucao,Até Fundamental,1477.9505094795934,1.797445192,2656.535037278046
2012,Público,grau_instrucao,Até Ensino Médio,2067.0342282607567,1.797445192,3715.380735286728
2012,Público,grau_instrucao,Até Ensino Superior Completo,4422.203365676874,1.797445192,7948.668177682114
2011,Privado,genero,Feminino,1210.5195846317001,1.902415991,2302.9118152220244
2011,Privado,genero,Masculino,1582.5601552905516,1.902415991,3010.6877461441886
2011,Privado,grau_instrucao,Até Mestrado,4661.878333250816,1.902415991,8868.831889272778
2011,Privado,grau_instrucao,Até Doutorado,6475.4137418502205,1.902415991,12318.930650837006
2011,Privado,grau_instrucao,Até Fundamental,1018.7127752274142,1.902415991,1938.0154738286215
2011,Privado,grau_instrucao,Até Ensino Médio,1266.6673973413072,1.902415991,2409.728311980454
2011,Privado,grau_instrucao,Até Ensino Superior Completo,3856.214170998177,1.902415991,7336.12350362774
2011,Privado,nivel_governo,Outros,1442.2359983227093,1.902415991,2743.7328260049712
2011,Privado,poderes,Outros,1442.2359983227093,1.902415991,2743.7328260049712
2011,Público,genero,Feminino,2290.3647289155815,1.902415991,4357.226485511383
2011,Público,genero,Masculino,3286.625505043627,1.902415991,6252.528917223447
2011,Público,poderes,Outros,4521.590134962065,1.902415991,8601.945377499682
2011,Público,poderes,Executivo,2055.05088660297,1.902415991,3909.5616689922176
2011,Público,poderes,Judiciário,8138.39816345001,1.902415991,15482.61880727233
2011,Público,poderes,Legislativo,4471.292421256532,1.902415991,8506.258202635536
2011,Público,nivel_governo,Outros,4615.799280109211,1.902415991,8781.170361726052
2011,Público,nivel_governo,Federal,7040.964401332292,1.902415991,13394.843269156294
2011,Público,nivel_governo,Estadual,3015.9587986154893,1.902415991,5737.608246683256
2011,Público,nivel_governo,Municipal,1600.3940334843533,1.902415991,3044.615201201623
2011,Público,grau_instrucao,Até Mestrado,5426.678002470698,1.902415991,10323.799009908193
2011,Público,grau_instrucao,Até Doutorado,9670.870833573696,1.902415991,18398.019320686097
2011,Público,grau_instrucao,Até Fundamental,1323.279354501199,1.902415991,2517.4278045632386
2011,Público,grau_instrucao,Até Ensino Médio,1899.7186655437642,1.902415991,3614.055167731638
2011,Público,grau_instrucao,Até Ensino Superior Completo,4079.065605355608,1.902415991,7760.079635966605
2019,Privado,genero,Feminino,2105.2922612966872,1.216952218,2562.0400869232394
2019,Privado,genero,Masculino,2558.125766667532,1.216952218,3113.116825669004
2019,Privado,grau_instrucao,Até Mestrado,7024.7715526884185,1.216952218,8548.811321987476
2019,Privado,grau_instrucao,Até Doutorado,8779.295155440848,1.216952218,10683.982711890396
2019,Privado,grau_instrucao,Até Fundamental,1678.4320678900503,1.216952218,2042.5716277811234
2019,Privado,grau_instrucao,Até Ensino Médio,1943.4064813690118,1.216952218,2365.032827977595
2019,Privado,grau_instrucao,Até Ensino Superior Completo,5170.187631600021,1.216952218,6291.8713057518125
2019,Privado,nivel_governo,Outros,2375.7028169254186,1.216952218,2891.1168123662364
2019,Privado,poderes,Outros,2375.7028169254186,1.216952218,2891.1168123662364
2019,Público,genero,Feminino,4106.469229998799,1.216952218,4997.376837595792
2019,Público,genero,Masculino,5700.362342667115,1.216952218,6937.0685963124215
2019,Público,poderes,Outros,6592.992387108246,1.216952218,8023.356708748494
2019,Público,poderes,Executivo,3759.269211039756,1.216952218,4574.851004433942
2019,Público,poderes,Judiciário,13679.946852477517,1.216952218,16647.841664244635
2019,Público,poderes,Legislativo,6508.905117269158,1.216952218,7921.026519212252
2019,Público,nivel_governo,Outros,7714.120910342974,1.216952218,9387.716551762061
2019,Público,nivel_governo,Federal,10985.899707814338,1.216952218,13369.315016150213
2019,Público,nivel_governo,Estadual,5703.379017651213,1.216952218,6940.739745625306
2019,Público,nivel_governo,Municipal,3020.990726384916,1.216952218,3676.4013650315546
2019,Público,grau_instrucao,Até Mestrado,8239.112931597265,1.216952218,10026.606756459774
2019,Público,grau_instrucao,Até Doutorado,11409.512355121664,1.216952218,13884.831366863713
2019,Público,grau_instrucao,Até Fundamental,2168.8451517181384,1.216952218,2639.380917881935
2019,Público,grau_instrucao,Até Ensino Médio,3009.725364215229,1.216952218,3662.6919575525812
2019,Público,grau_instrucao,Até Ensino Superior Completo,6347.779040353386,1.216952218,7724.943782531966
2014,Privado,genero,Feminino,1576.7454473137032,1.594910236,2514.767453487024
2014,Privado,genero,Masculino,2053.9001411887775,1.594910236,3275.7863589038266
2014,Privado,grau_instrucao,Até Mestrado,5471.935134306325,1.594910236,8727.245356433194
2014,Privado,grau_instrucao,Até Doutorado,7266.224195366173,1.594910236,11588.975346260373
2014,Privado,grau_instrucao,Até Fundamental,1332.6149826726196,1.594910236,2125.4012765115235
2014,Privado,grau_instrucao,Até Ensino Médio,1587.8708273704447,1.594910236,2532.5114360189114
2014,Privado,grau_instrucao,Até Ensino Superior Completo,4476.427388569977,1.594910236,7139.499862741006
2014,Privado,nivel_governo,Outros,1865.2317618317063,1.594910236,2974.8772294577025
2014,Privado,poderes,Outros,1865.2317618317063,1.594910236,2974.8772294577025
2014,Público,genero,Feminino,3082.8444136410762,1.594910236,4916.860111311571
2014,Público,genero,Masculino,4375.6925923212375,1.594910236,6978.836905082517
2014,Público,poderes,Outros,5903.169905804514,1.594910236,9415.026107614776
2014,Público,poderes,Executivo,2770.8804249539703,1.594910236,4419.305552491117
2014,Público,poderes,Judiciário,9933.686891058138,1.594910236,15843.33890376764
2014,Público,poderes,Legislativo,5583.463332815407,1.594910236,8905.122821837967
2014,Público,nivel_governo,Outros,6108.681413909042,1.594910236,9742.798515506483
2014,Público,nivel_governo,Federal,8343.725247796518,1.594910236,13307.492804082303
2014,Público,nivel_governo,Estadual,4189.6787330847455,1.594910236,6682.161496948373
2014,Público,nivel_governo,Municipal,2187.743102664784,1.594910236,3489.253868178463
2014,Público,grau_instrucao,Até Mestrado,6557.47458308899,1.594910236,10458.583334878462
2014,Público,grau_instrucao,Até Doutorado,10719.656360120964,1.594910236,17096.889655159426
2014,Público,grau_instrucao,Até Fundamental,1723.387453862232,1.594910236,2748.6482907588515
2014,Público,grau_instrucao,Até Ensino Médio,2430.49195753024,1.594910236,3876.4165015806575
2014,Público,grau_instrucao,Até Ensino Superior Completo,5080.904825958217,1.594910236,8103.587115062559
2007,Privado,genero,Feminino,870.1570871859627,2.370358141,2062.583935560094
2007,Privado,genero,Masculino,1124.146233957778,2.370358141,2664.6291773363096
2007,Privado,grau_instrucao,Até Mestrado,3633.030113631708,2.370358141,8611.582506345074
2007,Privado,grau_instrucao,Até Doutorado,5731.060173507036,2.370358141,13584.665138833276
2007,Privado,grau_instrucao,Até Fundamental,724.49675409709,2.370358141,1717.3167792021125
2007,Privado,grau_instrucao,Até Ensino Médio,954.4871869095747,2.370358141,2262.476473971299
2007,Privado,grau_instrucao,Até Ensino Superior Completo,3023.119778811925,2.370358141,7165.8765789249655
2007,Privado,nivel_governo,Outros,1033.5445186816698,2.370358141,2449.870663943023
2007,Privado,poderes,Outros,1033.5445186816698,2.370358141,2449.870663943023
2007,Público,genero,Feminino,1545.593580401071,2.370358141,3663.610325981017
2007,Público,genero,Masculino,2257.544863448092,2.370358141,5351.189845746919
2007,Público,poderes,Outros,2887.262595906088,2.370358141,6843.846399410789
2007,Público,poderes,Executivo,1399.3717209553301,2.370358141,3317.0121510516474
2007,Público,poderes,Judiciário,6137.157839039232,2.370358141,14547.262046368613
2007,Público,poderes,Legislativo,3473.0970554654364,2.370358141,8232.483879905625
2007,Público,nivel_governo,Outros,3223.3637448478385,2.370358141,7640.526494004321
2007,Público,nivel_governo,Federal,4236.4194837423565,2.370358141,10041.831411979712
2007,Público,nivel_governo,Estadual,2012.2348306397753,2.370358141,4769.717212410747
2007,Público,nivel_governo,Municipal,1084.7556466082067,2.370358141,2571.259377933482
2007,Público,grau_instrucao,Até Mestrado,4042.200402493108,2.370358141,9581.462631603015
2007,Público,grau_instrucao,Até Doutorado,6958.1837862614475,2.370358141,16493.387584339027
2007,Público,grau_instrucao,Até Fundamental,994.9960712219922,2.370358141,2358.497037684065
2007,Público,grau_instrucao,Até Ensino Médio,1432.5817372596207,2.370358141,3395.7317835612653
2007,Público,grau_instrucao,Até Ensino Superior Completo,2851.862296551647,2.370358141,6759.935011642153
2020,Privado,genero,Feminino,2075.421108171085,1.16432474,2416.4641421618107
2020,Privado,genero,Masculino,2529.5797156138515,1.16432474,2945.2522446913717
2020,Privado,grau_instrucao,Até Mestrado,7007.6409323299795,1.16432474,8159.169706548461
2020,Privado,grau_instrucao,Até Doutorado,8618.229570140533,1.16432474,10034.417903514188
2020,Privado,grau_instrucao,Até Fundamental,1654.9512895619905,1.16432474,1926.9007299319294
2020,Privado,grau_instrucao,Até Ensino Médio,1898.0597413342227,1.16432474,2209.9579148334365
2020,Privado,grau_instrucao,Até Ensino Superior Completo,5168.690793027477,1.16432474,6018.034563732112
2020,Privado,nivel_governo,Outros,2348.3775601162415,1.16432474,2734.2740921041773
2020,Privado,poderes,Outros,2348.3775601162415,1.16432474,2734.2740921041773
2020,Público,genero,Feminino,4272.670250213441,1.16432474,4974.7756781855005
2020,Público,genero,Masculino,5911.165759431568,1.16432474,6882.516535947064
2020,Público,poderes,Outros,6596.99304035831,1.16432474,7681.042206497
2020,Público,poderes,Executivo,3949.8034860624825,1.16432474,4598.853916960794
2020,Público,poderes,Judiciário,13603.214729167947,1.16432474,15838.55945270264
2020,Público,poderes,Legislativo,7177.348971814379,1.16432474,8356.764975497044
2020,Público,nivel_governo,Outros,7580.168244362034,1.16432474,8825.777420273082
2020,Público,nivel_governo,Federal,11619.767706618162,1.16432474,13529.18301386859
2020,Público,nivel_governo,Estadual,5669.975662459027,1.16432474,6601.6929389989355
2020,Público,nivel_governo,Municipal,3259.5650252370415,1.16432474,3795.192200522212
2020,Público,grau_instrucao,Até Mestrado,8325.30151948312,1.16432474,9693.35452709379
2020,Público,grau_instrucao,Até Doutorado,11969.993272603744,1.16432474,13936.959304926104
2020,Público,grau_instrucao,Até Fundamental,2287.00119148161,1.16432474,2662.812067651516
2020,Público,grau_instrucao,Até Ensino Médio,3087.157343728734,1.16432474,3594.4536715760487
2020,Público,grau_instrucao,Até Ensino Superior Completo,6453.95389516471,1.16432474,7514.498190959639
2004,Privado,genero,Feminino,719.0193771068623,2.699137541,1940.7321934555678
2004,Privado,genero,Masculino,925.8960843503105,2.699137541,2499.1208803348254
2004,Privado,grau_instrucao,Analfabeto,596.6709386251455,2.699137541,1610.496930066837
2004,Privado,grau_instrucao,Até Ensino Médio,835.7803094353591,2.699137541,2255.886009225574
2004,Privado,grau_instrucao,Até Ensino Superior Completo,2685.040427890004,2.699137541,7247.293418020613
2004,Privado,nivel_governo,Outros,853.8475642361194,2.699137541,2304.6520149211187
2004,Privado,poderes,Outros,853.8475642361194,2.699137541,2304.6520149211187
2004,Público,genero,Feminino,1181.8020839576754,2.699137541,3189.8463708421955
2004,Público,genero,Masculino,1771.1404502823168,2.699137541,4780.551679740645
2004,Público,poderes,Outros,2326.8471271749386,2.699137541,6280.480433125877
2004,Público,poderes,Executivo,1049.9621733897186,2.699137541,2833.9923188261405
2004,Público,poderes,Judiciário,4614.261433465681,2.699137541,12454.526259055692
2004,Público,poderes,Legislativo,3156.1578660544405,2.699137541,8518.90418158999
2004,Público,nivel_governo,Outros,2548.32821849347,2.699137541,6878.288361325375
2004,Público,nivel_governo,Federal,3502.9371717995596,2.699137541,9454.909224168558
2004,Público,nivel_governo,Estadual,1498.3424000536895,2.699137541,4044.2322212569534
2004,Público,nivel_governo,Municipal,824.5135593273114,2.699137541,2225.4755010438766
2004,Público,grau_instrucao,Analfabeto,709.4061224188803,2.699137541,1914.7846968360413
2004,Público,grau_instrucao,Até Ensino Médio,1115.5921988519535,2.699137541,3011.1367843680446
2004,Público,grau_instrucao,Até Ensino Superior Completo,2359.9614085060166,2.699137541,6369.860433009826
2008,Privado,genero,Feminino,944.0742536965956,2.238298528,2113.1200123717886
2008,Privado,genero,Masculino,1232.8510925393,2.238298528,2759.488785673907
2008,Privado,grau_instrucao,Até Mestrado,3868.5503174857167,2.238298528,8658.970481122213
2008,Privado,grau_instrucao,Até Doutorado,5588.065305565211,2.238298528,12507.758347814482
2008,Privado,grau_instrucao,Até Fundamental,790.4044279838814,2.238298528,1769.161067681004
2008,Privado,grau_instrucao,Até Ensino Médio,1023.5439746855369,2.238298528,2290.9969718819066
2008,Privado,grau_instrucao,Até Ensino Superior Completo,3221.530925523361,2.238298528,7210.747928505417
2008,Privado,nivel_governo,Outros,1128.283358649554,2.238298528,2525.4349808321927
2008,Privado,poderes,Outros,1128.283358649554,2.238298528,2525.4349808321927
2008,Público,genero,Feminino,1723.5069232334213,2.238298528,3857.723009271176
2008,Público,genero,Masculino,2519.181325814092,2.238298528,5638.67985333477
2008,Público,poderes,Outros,3335.835163004854,2.238298528,7466.594935004406
2008,Público,poderes,Executivo,1556.38739143766,2.238298528,3483.659607252674
2008,Público,poderes,Judiciário,6752.298854501548,2.238298528,15113.660586646902
2008,Público,poderes,Legislativo,3727.16934805436,2.238298528,8342.517665356794
2008,Público,nivel_governo,Outros,3529.894194886448,2.238298528,7900.956980410082
2008,Público,nivel_governo,Federal,5312.664631137358,2.238298528,11891.32942363241
2008,Público,nivel_governo,Estadual,2209.3970773001424,2.238298528,4945.290225888411
2008,Público,nivel_governo,Municipal,1191.0791934351666,2.238298528,2665.990805397361
2008,Público,grau_instrucao,Até Mestrado,3948.987718051938,2.238298528,8839.013396405731
2008,Público,grau_instrucao,Até Doutorado,7305.737739342526,2.238298528,16352.422027924424
2008,Público,grau_instrucao,Até Fundamental,1014.7564905008677,2.238298528,2271.327958966538
2008,Público,grau_instrucao,Até Ensino Médio,1549.942761994775,2.238298528,3469.2346026571595
2008,Público,grau_instrucao,Até Ensino Superior Completo,3202.3445772432005,2.238298528,7167.8031533922385
2017,Privado,genero,Feminino,1993.2452582931514,1.317005466,2625.1149002506622
2017,Privado,genero,Masculino,2480.8470864679325,1.317005466,3267.2891731884415
2017,Privado,grau_instrucao,Até Mestrado,6863.942824130805,1.317005466,9039.850217691746
2017,Privado,grau_instrucao,Até Doutorado,8814.619866162697,1.317005466,11608.90254444846
2017,Privado,grau_instrucao,Até Fundamental,1631.9743267850606,1.317005466,2149.319108747595
2017,Privado,grau_instrucao,Até Ensino Médio,1884.1843895537118,1.317005466,2481.4811399941113
2017,Privado,grau_instrucao,Até Ensino Superior Completo,5082.566151808849,1.317005466,6693.7674032388395
2017,Privado,nivel_governo,Outros,2284.17467199963,1.317005466,3008.2705283222695
2017,Privado,poderes,Outros,2284.17467199963,1.317005466,3008.2705283222695
2017,Público,genero,Feminino,3791.736832942273,1.317005466,4993.738134618502
2017,Público,genero,Masculino,5261.874056128311,1.317005466,6929.916893324576
2017,Público,poderes,Outros,6749.556774899269,1.317005466,8889.203165619669
2017,Público,poderes,Executivo,3377.1884115253924,1.317005466,4447.775597690799
2017,Público,poderes,Judiciário,12168.993341701263,1.317005466,16026.630746738168
2017,Público,poderes,Legislativo,6358.327036745991,1.317005466,8373.951462010053
2017,Público,nivel_governo,Outros,7190.441428125925,1.317005466,9469.850663794688
2017,Público,nivel_governo,Federal,10253.26527983079,1.317005466,13503.606417885168
2017,Público,nivel_governo,Estadual,5063.251805845093,1.317005466,6668.330304032358
2017,Público,nivel_governo,Municipal,2735.756728476966,1.317005466,3603.006565050442
2017,Público,grau_instrucao,Até Mestrado,7450.782304485427,1.317005466,9812.721020983383
2017,Público,grau_instrucao,Até Doutorado,12663.661415568153,1.317005466,16678.111303876554
2017,Público,grau_instrucao,Até Fundamental,2081.6296580528024,1.317005466,2741.5176378432516
2017,Público,grau_instrucao,Até Ensino Médio,2823.7281752925132,1.317005466,3718.865441358446
2017,Público,grau_instrucao,Até Ensino Superior Completo,5976.134971731185,1.317005466,7870.602423323726
